configuration,epoch,loss
validation,438,0.0011879209196195006
retrain,981,0.0010353575926274061
test,,0.0011020076926797628
