configuration,epoch,loss
validation,2,0.001118559273891151
retrain,3,0.0010323295136913657
test,,0.001003677840344607
